110100000000,11,市辖区,citytr
120100000000,12,市辖区,citytr
130100000000,13,石家庄市,citytr
130200000000,13,唐山市,citytr
130300000000,13,秦皇岛市,citytr
130400000000,13,邯郸市,citytr
130500000000,13,邢台市,citytr
130600000000,13,保定市,citytr
130700000000,13,张家口市,citytr
130800000000,13,承德市,citytr
130900000000,13,沧州市,citytr
131000000000,13,廊坊市,citytr
131100000000,13,衡水市,citytr
140100000000,14,太原市,citytr
140200000000,14,大同市,citytr
140300000000,14,阳泉市,citytr
140400000000,14,长治市,citytr
140500000000,14,晋城市,citytr
140600000000,14,朔州市,citytr
140700000000,14,晋中市,citytr
140800000000,14,运城市,citytr
140900000000,14,忻州市,citytr
141000000000,14,临汾市,citytr
141100000000,14,吕梁市,citytr
150100000000,15,呼和浩特市,citytr
150200000000,15,包头市,citytr
150300000000,15,乌海市,citytr
150400000000,15,赤峰市,citytr
150500000000,15,通辽市,citytr
150600000000,15,鄂尔多斯市,citytr
150700000000,15,呼伦贝尔市,citytr
150800000000,15,巴彦淖尔市,citytr
150900000000,15,乌兰察布市,citytr
152200000000,15,兴安盟,citytr
152500000000,15,锡林郭勒盟,citytr
152900000000,15,阿拉善盟,citytr
210100000000,21,沈阳市,citytr
210200000000,21,大连市,citytr
210300000000,21,鞍山市,citytr
210400000000,21,抚顺市,citytr
210500000000,21,本溪市,citytr
210600000000,21,丹东市,citytr
210700000000,21,锦州市,citytr
210800000000,21,营口市,citytr
210900000000,21,阜新市,citytr
211000000000,21,辽阳市,citytr
211100000000,21,盘锦市,citytr
211200000000,21,铁岭市,citytr
211300000000,21,朝阳市,citytr
211400000000,21,葫芦岛市,citytr
220100000000,22,长春市,citytr
220200000000,22,吉林市,citytr
220300000000,22,四平市,citytr
220400000000,22,辽源市,citytr
220500000000,22,通化市,citytr
220600000000,22,白山市,citytr
220700000000,22,松原市,citytr
220800000000,22,白城市,citytr
222400000000,22,延边朝鲜族自治州,citytr
230100000000,23,哈尔滨市,citytr
230200000000,23,齐齐哈尔市,citytr
230300000000,23,鸡西市,citytr
230400000000,23,鹤岗市,citytr
230500000000,23,双鸭山市,citytr
230600000000,23,大庆市,citytr
230700000000,23,伊春市,citytr
230800000000,23,佳木斯市,citytr
230900000000,23,七台河市,citytr
231000000000,23,牡丹江市,citytr
231100000000,23,黑河市,citytr
231200000000,23,绥化市,citytr
232700000000,23,大兴安岭地区,citytr
310100000000,31,市辖区,citytr
320100000000,32,南京市,citytr
320200000000,32,无锡市,citytr
320300000000,32,徐州市,citytr
320400000000,32,常州市,citytr
320500000000,32,苏州市,citytr
320600000000,32,南通市,citytr
320700000000,32,连云港市,citytr
320800000000,32,淮安市,citytr
320900000000,32,盐城市,citytr
321000000000,32,扬州市,citytr
321100000000,32,镇江市,citytr
321200000000,32,泰州市,citytr
321300000000,32,宿迁市,citytr
330100000000,33,杭州市,citytr
330200000000,33,宁波市,citytr
330300000000,33,温州市,citytr
330400000000,33,嘉兴市,citytr
330500000000,33,湖州市,citytr
330600000000,33,绍兴市,citytr
330700000000,33,金华市,citytr
330800000000,33,衢州市,citytr
330900000000,33,舟山市,citytr
331000000000,33,台州市,citytr
331100000000,33,丽水市,citytr
340100000000,34,合肥市,citytr
340200000000,34,芜湖市,citytr
340300000000,34,蚌埠市,citytr
340400000000,34,淮南市,citytr
340500000000,34,马鞍山市,citytr
340600000000,34,淮北市,citytr
340700000000,34,铜陵市,citytr
340800000000,34,安庆市,citytr
341000000000,34,黄山市,citytr
341100000000,34,滁州市,citytr
341200000000,34,阜阳市,citytr
341300000000,34,宿州市,citytr
341500000000,34,六安市,citytr
341600000000,34,亳州市,citytr
341700000000,34,池州市,citytr
341800000000,34,宣城市,citytr
350100000000,35,福州市,citytr
350200000000,35,厦门市,citytr
350300000000,35,莆田市,citytr
350400000000,35,三明市,citytr
350500000000,35,泉州市,citytr
350600000000,35,漳州市,citytr
350700000000,35,南平市,citytr
350800000000,35,龙岩市,citytr
350900000000,35,宁德市,citytr
360100000000,36,南昌市,citytr
360200000000,36,景德镇市,citytr
360300000000,36,萍乡市,citytr
360400000000,36,九江市,citytr
360500000000,36,新余市,citytr
360600000000,36,鹰潭市,citytr
360700000000,36,赣州市,citytr
360800000000,36,吉安市,citytr
360900000000,36,宜春市,citytr
361000000000,36,抚州市,citytr
361100000000,36,上饶市,citytr
370100000000,37,济南市,citytr
370200000000,37,青岛市,citytr
370300000000,37,淄博市,citytr
370400000000,37,枣庄市,citytr
370500000000,37,东营市,citytr
370600000000,37,烟台市,citytr
370700000000,37,潍坊市,citytr
370800000000,37,济宁市,citytr
370900000000,37,泰安市,citytr
371000000000,37,威海市,citytr
371100000000,37,日照市,citytr
371300000000,37,临沂市,citytr
371400000000,37,德州市,citytr
371500000000,37,聊城市,citytr
371600000000,37,滨州市,citytr
371700000000,37,菏泽市,citytr
410100000000,41,郑州市,citytr
410200000000,41,开封市,citytr
410300000000,41,洛阳市,citytr
410400000000,41,平顶山市,citytr
410500000000,41,安阳市,citytr
410600000000,41,鹤壁市,citytr
410700000000,41,新乡市,citytr
410800000000,41,焦作市,citytr
410900000000,41,濮阳市,citytr
411000000000,41,许昌市,citytr
411100000000,41,漯河市,citytr
411200000000,41,三门峡市,citytr
411300000000,41,南阳市,citytr
411400000000,41,商丘市,citytr
411500000000,41,信阳市,citytr
411600000000,41,周口市,citytr
411700000000,41,驻马店市,citytr
419000000000,41,省直辖县级行政区划,citytr
420100000000,42,武汉市,citytr
420200000000,42,黄石市,citytr
420300000000,42,十堰市,citytr
420500000000,42,宜昌市,citytr
420600000000,42,襄阳市,citytr
420700000000,42,鄂州市,citytr
420800000000,42,荆门市,citytr
420900000000,42,孝感市,citytr
421000000000,42,荆州市,citytr
421100000000,42,黄冈市,citytr
421200000000,42,咸宁市,citytr
421300000000,42,随州市,citytr
422800000000,42,恩施土家族苗族自治州,citytr
429000000000,42,省直辖县级行政区划,citytr
430100000000,43,长沙市,citytr
430200000000,43,株洲市,citytr
430300000000,43,湘潭市,citytr
430400000000,43,衡阳市,citytr
430500000000,43,邵阳市,citytr
430600000000,43,岳阳市,citytr
430700000000,43,常德市,citytr
430800000000,43,张家界市,citytr
430900000000,43,益阳市,citytr
431000000000,43,郴州市,citytr
431100000000,43,永州市,citytr
431200000000,43,怀化市,citytr
431300000000,43,娄底市,citytr
433100000000,43,湘西土家族苗族自治州,citytr
440100000000,44,广州市,citytr
440200000000,44,韶关市,citytr
440300000000,44,深圳市,citytr
440400000000,44,珠海市,citytr
440500000000,44,汕头市,citytr
440600000000,44,佛山市,citytr
440700000000,44,江门市,citytr
440800000000,44,湛江市,citytr
440900000000,44,茂名市,citytr
441200000000,44,肇庆市,citytr
441300000000,44,惠州市,citytr
441400000000,44,梅州市,citytr
441500000000,44,汕尾市,citytr
441600000000,44,河源市,citytr
441700000000,44,阳江市,citytr
441800000000,44,清远市,citytr
441900000000,44,东莞市,citytr
442000000000,44,中山市,citytr
445100000000,44,潮州市,citytr
445200000000,44,揭阳市,citytr
445300000000,44,云浮市,citytr
450100000000,45,南宁市,citytr
450200000000,45,柳州市,citytr
450300000000,45,桂林市,citytr
450400000000,45,梧州市,citytr
450500000000,45,北海市,citytr
450600000000,45,防城港市,citytr
450700000000,45,钦州市,citytr
450800000000,45,贵港市,citytr
450900000000,45,玉林市,citytr
451000000000,45,百色市,citytr
451100000000,45,贺州市,citytr
451200000000,45,河池市,citytr
451300000000,45,来宾市,citytr
451400000000,45,崇左市,citytr
460100000000,46,海口市,citytr
460200000000,46,三亚市,citytr
460300000000,46,三沙市,citytr
460400000000,46,儋州市,citytr
469000000000,46,省直辖县级行政区划,citytr
500100000000,50,市辖区,citytr
500200000000,50,县,citytr
510100000000,51,成都市,citytr
510300000000,51,自贡市,citytr
510400000000,51,攀枝花市,citytr
510500000000,51,泸州市,citytr
510600000000,51,德阳市,citytr
510700000000,51,绵阳市,citytr
510800000000,51,广元市,citytr
510900000000,51,遂宁市,citytr
511000000000,51,内江市,citytr
511100000000,51,乐山市,citytr
511300000000,51,南充市,citytr
511400000000,51,眉山市,citytr
511500000000,51,宜宾市,citytr
511600000000,51,广安市,citytr
511700000000,51,达州市,citytr
511800000000,51,雅安市,citytr
511900000000,51,巴中市,citytr
512000000000,51,资阳市,citytr
513200000000,51,阿坝藏族羌族自治州,citytr
513300000000,51,甘孜藏族自治州,citytr
513400000000,51,凉山彝族自治州,citytr
520100000000,52,贵阳市,citytr
520200000000,52,六盘水市,citytr
520300000000,52,遵义市,citytr
520400000000,52,安顺市,citytr
520500000000,52,毕节市,citytr
520600000000,52,铜仁市,citytr
522300000000,52,黔西南布依族苗族自治州,citytr
522600000000,52,黔东南苗族侗族自治州,citytr
522700000000,52,黔南布依族苗族自治州,citytr
530100000000,53,昆明市,citytr
530300000000,53,曲靖市,citytr
530400000000,53,玉溪市,citytr
530500000000,53,保山市,citytr
530600000000,53,昭通市,citytr
530700000000,53,丽江市,citytr
530800000000,53,普洱市,citytr
530900000000,53,临沧市,citytr
532300000000,53,楚雄彝族自治州,citytr
532500000000,53,红河哈尼族彝族自治州,citytr
532600000000,53,文山壮族苗族自治州,citytr
532800000000,53,西双版纳傣族自治州,citytr
532900000000,53,大理白族自治州,citytr
533100000000,53,德宏傣族景颇族自治州,citytr
533300000000,53,怒江傈僳族自治州,citytr
533400000000,53,迪庆藏族自治州,citytr
540100000000,54,拉萨市,citytr
540200000000,54,日喀则市,citytr
540300000000,54,昌都市,citytr
540400000000,54,林芝市,citytr
540500000000,54,山南市,citytr
540600000000,54,那曲市,citytr
542500000000,54,阿里地区,citytr
610100000000,61,西安市,citytr
610200000000,61,铜川市,citytr
610300000000,61,宝鸡市,citytr
610400000000,61,咸阳市,citytr
610500000000,61,渭南市,citytr
610600000000,61,延安市,citytr
610700000000,61,汉中市,citytr
610800000000,61,榆林市,citytr
610900000000,61,安康市,citytr
611000000000,61,商洛市,citytr
620100000000,62,兰州市,citytr
620200000000,62,嘉峪关市,citytr
620300000000,62,金昌市,citytr
620400000000,62,白银市,citytr
620500000000,62,天水市,citytr
620600000000,62,武威市,citytr
620700000000,62,张掖市,citytr
620800000000,62,平凉市,citytr
620900000000,62,酒泉市,citytr
621000000000,62,庆阳市,citytr
621100000000,62,定西市,citytr
621200000000,62,陇南市,citytr
622900000000,62,临夏回族自治州,citytr
623000000000,62,甘南藏族自治州,citytr
630100000000,63,西宁市,citytr
630200000000,63,海东市,citytr
632200000000,63,海北藏族自治州,citytr
632300000000,63,黄南藏族自治州,citytr
632500000000,63,海南藏族自治州,citytr
632600000000,63,果洛藏族自治州,citytr
632700000000,63,玉树藏族自治州,citytr
632800000000,63,海西蒙古族藏族自治州,citytr
640100000000,64,银川市,citytr
640200000000,64,石嘴山市,citytr
640300000000,64,吴忠市,citytr
640400000000,64,固原市,citytr
640500000000,64,中卫市,citytr
650100000000,65,乌鲁木齐市,citytr
650200000000,65,克拉玛依市,citytr
650400000000,65,吐鲁番市,citytr
650500000000,65,哈密市,citytr
652300000000,65,昌吉回族自治州,citytr
652700000000,65,博尔塔拉蒙古自治州,citytr
652800000000,65,巴音郭楞蒙古自治州,citytr
652900000000,65,阿克苏地区,citytr
653000000000,65,克孜勒苏柯尔克孜自治州,citytr
653100000000,65,喀什地区,citytr
653200000000,65,和田地区,citytr
654000000000,65,伊犁哈萨克自治州,citytr
654200000000,65,塔城地区,citytr
654300000000,65,阿勒泰地区,citytr
659000000000,65,自治区直辖县级行政区划,citytr
110101000000,110100000000,东城区,countytr
110102000000,110100000000,西城区,countytr
110105000000,110100000000,朝阳区,countytr
110106000000,110100000000,丰台区,countytr
110107000000,110100000000,石景山区,countytr
110108000000,110100000000,海淀区,countytr
110109000000,110100000000,门头沟区,countytr
110111000000,110100000000,房山区,countytr
110112000000,110100000000,通州区,countytr
110113000000,110100000000,顺义区,countytr
110114000000,110100000000,昌平区,countytr
110115000000,110100000000,大兴区,countytr
110116000000,110100000000,怀柔区,countytr
110117000000,110100000000,平谷区,countytr
110118000000,110100000000,密云区,countytr
110119000000,110100000000,延庆区,countytr
120101000000,120100000000,和平区,countytr
120102000000,120100000000,河东区,countytr
120103000000,120100000000,河西区,countytr
120104000000,120100000000,南开区,countytr
120105000000,120100000000,河北区,countytr
120106000000,120100000000,红桥区,countytr
120110000000,120100000000,东丽区,countytr
120111000000,120100000000,西青区,countytr
120112000000,120100000000,津南区,countytr
120113000000,120100000000,北辰区,countytr
120114000000,120100000000,武清区,countytr
120115000000,120100000000,宝坻区,countytr
120116000000,120100000000,滨海新区,countytr
120117000000,120100000000,宁河区,countytr
120118000000,120100000000,静海区,countytr
120119000000,120100000000,蓟州区,countytr
130101000000,130100000000,市辖区,countytr
130102000000,130100000000,长安区,countytr
130104000000,130100000000,桥西区,countytr
130105000000,130100000000,新华区,countytr
130107000000,130100000000,井陉矿区,countytr
130108000000,130100000000,裕华区,countytr
130109000000,130100000000,藁城区,countytr
130110000000,130100000000,鹿泉区,countytr
130111000000,130100000000,栾城区,countytr
130121000000,130100000000,井陉县,countytr
130123000000,130100000000,正定县,countytr
130125000000,130100000000,行唐县,countytr
130126000000,130100000000,灵寿县,countytr
130127000000,130100000000,高邑县,countytr
130128000000,130100000000,深泽县,countytr
130129000000,130100000000,赞皇县,countytr
130130000000,130100000000,无极县,countytr
130131000000,130100000000,平山县,countytr
130132000000,130100000000,元氏县,countytr
130133000000,130100000000,赵县,countytr
130171000000,130100000000,石家庄高新技术产业开发区,countytr
130172000000,130100000000,石家庄循环化工园区,countytr
130181000000,130100000000,辛集市,countytr
130183000000,130100000000,晋州市,countytr
130184000000,130100000000,新乐市,countytr
130301000000,130300000000,市辖区,countytr
130302000000,130300000000,海港区,countytr
130303000000,130300000000,山海关区,countytr
130304000000,130300000000,北戴河区,countytr
130306000000,130300000000,抚宁区,countytr
130321000000,130300000000,青龙满族自治县,countytr
130322000000,130300000000,昌黎县,countytr
130324000000,130300000000,卢龙县,countytr
130371000000,130300000000,秦皇岛市经济技术开发区,countytr
130372000000,130300000000,北戴河新区,countytr
130401000000,130400000000,市辖区,countytr
130402000000,130400000000,邯山区,countytr
130403000000,130400000000,丛台区,countytr
130404000000,130400000000,复兴区,countytr
130406000000,130400000000,峰峰矿区,countytr
130407000000,130400000000,肥乡区,countytr
130408000000,130400000000,永年区,countytr
130423000000,130400000000,临漳县,countytr
130424000000,130400000000,成安县,countytr
130425000000,130400000000,大名县,countytr
130426000000,130400000000,涉县,countytr
130427000000,130400000000,磁县,countytr
130430000000,130400000000,邱县,countytr
130431000000,130400000000,鸡泽县,countytr
130432000000,130400000000,广平县,countytr
130433000000,130400000000,馆陶县,countytr
130434000000,130400000000,魏县,countytr
130435000000,130400000000,曲周县,countytr
130471000000,130400000000,邯郸经济技术开发区,countytr
130473000000,130400000000,邯郸冀南新区,countytr
130481000000,130400000000,武安市,countytr
130501000000,130500000000,市辖区,countytr
130502000000,130500000000,桥东区,countytr
130503000000,130500000000,桥西区,countytr
130521000000,130500000000,邢台县,countytr
130522000000,130500000000,临城县,countytr
130523000000,130500000000,内丘县,countytr
130524000000,130500000000,柏乡县,countytr
130525000000,130500000000,隆尧县,countytr
130526000000,130500000000,任县,countytr
130527000000,130500000000,南和县,countytr
130528000000,130500000000,宁晋县,countytr
130529000000,130500000000,巨鹿县,countytr
130530000000,130500000000,新河县,countytr
130531000000,130500000000,广宗县,countytr
130532000000,130500000000,平乡县,countytr
130533000000,130500000000,威县,countytr
130534000000,130500000000,清河县,countytr
130535000000,130500000000,临西县,countytr
130571000000,130500000000,河北邢台经济开发区,countytr
130581000000,130500000000,南宫市,countytr
130582000000,130500000000,沙河市,countytr
130601000000,130600000000,市辖区,countytr
130602000000,130600000000,竞秀区,countytr
130606000000,130600000000,莲池区,countytr
130607000000,130600000000,满城区,countytr
130608000000,130600000000,清苑区,countytr
130609000000,130600000000,徐水区,countytr
130623000000,130600000000,涞水县,countytr
130624000000,130600000000,阜平县,countytr
130626000000,130600000000,定兴县,countytr
130627000000,130600000000,唐县,countytr
130628000000,130600000000,高阳县,countytr
130629000000,130600000000,容城县,countytr
130630000000,130600000000,涞源县,countytr
130631000000,130600000000,望都县,countytr
130632000000,130600000000,安新县,countytr
130633000000,130600000000,易县,countytr
130634000000,130600000000,曲阳县,countytr
130635000000,130600000000,蠡县,countytr
130636000000,130600000000,顺平县,countytr
130637000000,130600000000,博野县,countytr
130638000000,130600000000,雄县,countytr
130671000000,130600000000,保定高新技术产业开发区,countytr
130672000000,130600000000,保定白沟新城,countytr
130681000000,130600000000,涿州市,countytr
130682000000,130600000000,定州市,countytr
130683000000,130600000000,安国市,countytr
130684000000,130600000000,高碑店市,countytr
130701000000,130700000000,市辖区,countytr
130702000000,130700000000,桥东区,countytr
130703000000,130700000000,桥西区,countytr
130705000000,130700000000,宣化区,countytr
130706000000,130700000000,下花园区,countytr
130708000000,130700000000,万全区,countytr
130709000000,130700000000,崇礼区,countytr
130722000000,130700000000,张北县,countytr
130723000000,130700000000,康保县,countytr
130724000000,130700000000,沽源县,countytr
130725000000,130700000000,尚义县,countytr
130726000000,130700000000,蔚县,countytr
130727000000,130700000000,阳原县,countytr
130728000000,130700000000,怀安县,countytr
130730000000,130700000000,怀来县,countytr
130731000000,130700000000,涿鹿县,countytr
130732000000,130700000000,赤城县,countytr
130771000000,130700000000,张家口经济开发区,countytr
130772000000,130700000000,张家口市察北管理区,countytr
130773000000,130700000000,张家口市塞北管理区,countytr
130801000000,130800000000,市辖区,countytr
130802000000,130800000000,双桥区,countytr
130803000000,130800000000,双滦区,countytr
130804000000,130800000000,鹰手营子矿区,countytr
130821000000,130800000000,承德县,countytr
130822000000,130800000000,兴隆县,countytr
130824000000,130800000000,滦平县,countytr
130825000000,130800000000,隆化县,countytr
130826000000,130800000000,丰宁满族自治县,countytr
130827000000,130800000000,宽城满族自治县,countytr
130828000000,130800000000,围场满族蒙古族自治县,countytr
130871000000,130800000000,承德高新技术产业开发区,countytr
130881000000,130800000000,平泉市,countytr
130901000000,130900000000,市辖区,countytr
130902000000,130900000000,新华区,countytr
130903000000,130900000000,运河区,countytr
130921000000,130900000000,沧县,countytr
130922000000,130900000000,青县,countytr
130923000000,130900000000,东光县,countytr
130924000000,130900000000,海兴县,countytr
130925000000,130900000000,盐山县,countytr
130926000000,130900000000,肃宁县,countytr
130927000000,130900000000,南皮县,countytr
130928000000,130900000000,吴桥县,countytr
130929000000,130900000000,献县,countytr
130930000000,130900000000,孟村回族自治县,countytr
130971000000,130900000000,河北沧州经济开发区,countytr
130972000000,130900000000,沧州高新技术产业开发区,countytr
130973000000,130900000000,沧州渤海新区,countytr
130981000000,130900000000,泊头市,countytr
130982000000,130900000000,任丘市,countytr
130983000000,130900000000,黄骅市,countytr
130984000000,130900000000,河间市,countytr
131001000000,131000000000,市辖区,countytr
131002000000,131000000000,安次区,countytr
131003000000,131000000000,广阳区,countytr
131022000000,131000000000,固安县,countytr
131023000000,131000000000,永清县,countytr
131024000000,131000000000,香河县,countytr
131025000000,131000000000,大城县,countytr
131026000000,131000000000,文安县,countytr
131028000000,131000000000,大厂回族自治县,countytr
131071000000,131000000000,廊坊经济技术开发区,countytr
131081000000,131000000000,霸州市,countytr
131082000000,131000000000,三河市,countytr
131101000000,131100000000,市辖区,countytr
131102000000,131100000000,桃城区,countytr
131103000000,131100000000,冀州区,countytr
131121000000,131100000000,枣强县,countytr
131122000000,131100000000,武邑县,countytr
131123000000,131100000000,武强县,countytr
131124000000,131100000000,饶阳县,countytr
131125000000,131100000000,安平县,countytr
131126000000,131100000000,故城县,countytr
131127000000,131100000000,景县,countytr
131128000000,131100000000,阜城县,countytr
131171000000,131100000000,河北衡水高新技术产业开发区,countytr
131172000000,131100000000,衡水滨湖新区,countytr
131182000000,131100000000,深州市,countytr
140101000000,140100000000,市辖区,countytr
140105000000,140100000000,小店区,countytr
140106000000,140100000000,迎泽区,countytr
140107000000,140100000000,杏花岭区,countytr
140108000000,140100000000,尖草坪区,countytr
140109000000,140100000000,万柏林区,countytr
140110000000,140100000000,晋源区,countytr
140121000000,140100000000,清徐县,countytr
140122000000,140100000000,阳曲县,countytr
140123000000,140100000000,娄烦县,countytr
140171000000,140100000000,山西转型综合改革示范区,countytr
140181000000,140100000000,古交市,countytr
140201000000,140200000000,市辖区,countytr
140212000000,140200000000,新荣区,countytr
140213000000,140200000000,平城区,countytr
140214000000,140200000000,云冈区,countytr
140215000000,140200000000,云州区,countytr
140221000000,140200000000,阳高县,countytr
140222000000,140200000000,天镇县,countytr
140223000000,140200000000,广灵县,countytr
140224000000,140200000000,灵丘县,countytr
140225000000,140200000000,浑源县,countytr
140226000000,140200000000,左云县,countytr
140271000000,140200000000,山西大同经济开发区,countytr
140301000000,140300000000,市辖区,countytr
140302000000,140300000000,城区,countytr
140303000000,140300000000,矿区,countytr
140311000000,140300000000,郊区,countytr
140321000000,140300000000,平定县,countytr
140322000000,140300000000,盂县,countytr
140401000000,140400000000,市辖区,countytr
140403000000,140400000000,潞州区,countytr
140404000000,140400000000,上党区,countytr
140405000000,140400000000,屯留区,countytr
140406000000,140400000000,潞城区,countytr
140423000000,140400000000,襄垣县,countytr
140425000000,140400000000,平顺县,countytr
140426000000,140400000000,黎城县,countytr
140427000000,140400000000,壶关县,countytr
140428000000,140400000000,长子县,countytr
140429000000,140400000000,武乡县,countytr
140430000000,140400000000,沁县,countytr
140431000000,140400000000,沁源县,countytr
140471000000,140400000000,山西长治高新技术产业园区,countytr
140501000000,140500000000,市辖区,countytr
140502000000,140500000000,城区,countytr
140521000000,140500000000,沁水县,countytr
140522000000,140500000000,阳城县,countytr
140524000000,140500000000,陵川县,countytr
140525000000,140500000000,泽州县,countytr
140581000000,140500000000,高平市,countytr
140601000000,140600000000,市辖区,countytr
140602000000,140600000000,朔城区,countytr
140603000000,140600000000,平鲁区,countytr
140621000000,140600000000,山阴县,countytr
140622000000,140600000000,应县,countytr
140623000000,140600000000,右玉县,countytr
140671000000,140600000000,山西朔州经济开发区,countytr
140681000000,140600000000,怀仁市,countytr
140701000000,140700000000,市辖区,countytr
140702000000,140700000000,榆次区,countytr
140721000000,140700000000,榆社县,countytr
140722000000,140700000000,左权县,countytr
140723000000,140700000000,和顺县,countytr
140724000000,140700000000,昔阳县,countytr
140725000000,140700000000,寿阳县,countytr
140726000000,140700000000,太谷县,countytr
140727000000,140700000000,祁县,countytr
140728000000,140700000000,平遥县,countytr
140729000000,140700000000,灵石县,countytr
140781000000,140700000000,介休市,countytr
140801000000,140800000000,市辖区,countytr
140802000000,140800000000,盐湖区,countytr
140821000000,140800000000,临猗县,countytr
140822000000,140800000000,万荣县,countytr
140823000000,140800000000,闻喜县,countytr
140824000000,140800000000,稷山县,countytr
140825000000,140800000000,新绛县,countytr
140826000000,140800000000,绛县,countytr
140827000000,140800000000,垣曲县,countytr
140828000000,140800000000,夏县,countytr
140829000000,140800000000,平陆县,countytr
140830000000,140800000000,芮城县,countytr
140881000000,140800000000,永济市,countytr
140882000000,140800000000,河津市,countytr
140901000000,140900000000,市辖区,countytr
140902000000,140900000000,忻府区,countytr
140921000000,140900000000,定襄县,countytr
140922000000,140900000000,五台县,countytr
140923000000,140900000000,代县,countytr
140924000000,140900000000,繁峙县,countytr
140925000000,140900000000,宁武县,countytr
140926000000,140900000000,静乐县,countytr
140927000000,140900000000,神池县,countytr
140928000000,140900000000,五寨县,countytr
140929000000,140900000000,岢岚县,countytr
140930000000,140900000000,河曲县,countytr
140931000000,140900000000,保德县,countytr
140932000000,140900000000,偏关县,countytr
140971000000,140900000000,五台山风景名胜区,countytr
140981000000,140900000000,原平市,countytr
141001000000,141000000000,市辖区,countytr
141002000000,141000000000,尧都区,countytr
141021000000,141000000000,曲沃县,countytr
141022000000,141000000000,翼城县,countytr
141023000000,141000000000,襄汾县,countytr
141024000000,141000000000,洪洞县,countytr
141025000000,141000000000,古县,countytr
141026000000,141000000000,安泽县,countytr
141027000000,141000000000,浮山县,countytr
141028000000,141000000000,吉县,countytr
141029000000,141000000000,乡宁县,countytr
141030000000,141000000000,大宁县,countytr
141031000000,141000000000,隰县,countytr
141032000000,141000000000,永和县,countytr
141033000000,141000000000,蒲县,countytr
141034000000,141000000000,汾西县,countytr
141081000000,141000000000,侯马市,countytr
141082000000,141000000000,霍州市,countytr
141101000000,141100000000,市辖区,countytr
141102000000,141100000000,离石区,countytr
141121000000,141100000000,文水县,countytr
141122000000,141100000000,交城县,countytr
141123000000,141100000000,兴县,countytr
141124000000,141100000000,临县,countytr
141125000000,141100000000,柳林县,countytr
141126000000,141100000000,石楼县,countytr
141127000000,141100000000,岚县,countytr
141128000000,141100000000,方山县,countytr
141129000000,141100000000,中阳县,countytr
141130000000,141100000000,交口县,countytr
141181000000,141100000000,孝义市,countytr
141182000000,141100000000,汾阳市,countytr
150101000000,150100000000,市辖区,countytr
150102000000,150100000000,新城区,countytr
150103000000,150100000000,回民区,countytr
150104000000,150100000000,玉泉区,countytr
150105000000,150100000000,赛罕区,countytr
150121000000,150100000000,土默特左旗,countytr
150122000000,150100000000,托克托县,countytr
150123000000,150100000000,和林格尔县,countytr
150124000000,150100000000,清水河县,countytr
150125000000,150100000000,武川县,countytr
150171000000,150100000000,呼和浩特金海工业园区,countytr
150172000000,150100000000,呼和浩特经济技术开发区,countytr
150201000000,150200000000,市辖区,countytr
150202000000,150200000000,东河区,countytr
150203000000,150200000000,昆都仑区,countytr
150204000000,150200000000,青山区,countytr
150205000000,150200000000,石拐区,countytr
150206000000,150200000000,白云鄂博矿区,countytr
150207000000,150200000000,九原区,countytr
150221000000,150200000000,土默特右旗,countytr
150222000000,150200000000,固阳县,countytr
150223000000,150200000000,达尔罕茂明安联合旗,countytr
150271000000,150200000000,包头稀土高新技术产业开发区,countytr
150301000000,150300000000,市辖区,countytr
150302000000,150300000000,海勃湾区,countytr
150303000000,150300000000,海南区,countytr
150304000000,150300000000,乌达区,countytr
150401000000,150400000000,市辖区,countytr
150402000000,150400000000,红山区,countytr
150403000000,150400000000,元宝山区,countytr
150404000000,150400000000,松山区,countytr
150421000000,150400000000,阿鲁科尔沁旗,countytr
150422000000,150400000000,巴林左旗,countytr
150423000000,150400000000,巴林右旗,countytr
150424000000,150400000000,林西县,countytr
150425000000,150400000000,克什克腾旗,countytr
150426000000,150400000000,翁牛特旗,countytr
150428000000,150400000000,喀喇沁旗,countytr
150429000000,150400000000,宁城县,countytr
150430000000,150400000000,敖汉旗,countytr
150501000000,150500000000,市辖区,countytr
150502000000,150500000000,科尔沁区,countytr
150521000000,150500000000,科尔沁左翼中旗,countytr
150522000000,150500000000,科尔沁左翼后旗,countytr
150523000000,150500000000,开鲁县,countytr
150524000000,150500000000,库伦旗,countytr
150525000000,150500000000,奈曼旗,countytr
150526000000,150500000000,扎鲁特旗,countytr
150571000000,150500000000,通辽经济技术开发区,countytr
150581000000,150500000000,霍林郭勒市,countytr
150601000000,150600000000,市辖区,countytr
150602000000,150600000000,东胜区,countytr
150603000000,150600000000,康巴什区,countytr
150621000000,150600000000,达拉特旗,countytr
150622000000,150600000000,准格尔旗,countytr
150623000000,150600000000,鄂托克前旗,countytr
150624000000,150600000000,鄂托克旗,countytr
150625000000,150600000000,杭锦旗,countytr
150626000000,150600000000,乌审旗,countytr
150627000000,150600000000,伊金霍洛旗,countytr
150701000000,150700000000,市辖区,countytr
150702000000,150700000000,海拉尔区,countytr
150703000000,150700000000,扎赉诺尔区,countytr
150721000000,150700000000,阿荣旗,countytr
150722000000,150700000000,莫力达瓦达斡尔族自治旗,countytr
150723000000,150700000000,鄂伦春自治旗,countytr
150724000000,150700000000,鄂温克族自治旗,countytr
150725000000,150700000000,陈巴尔虎旗,countytr
150726000000,150700000000,新巴尔虎左旗,countytr
150727000000,150700000000,新巴尔虎右旗,countytr
150781000000,150700000000,满洲里市,countytr
150782000000,150700000000,牙克石市,countytr
150783000000,150700000000,扎兰屯市,countytr
150784000000,150700000000,额尔古纳市,countytr
150785000000,150700000000,根河市,countytr
150801000000,150800000000,市辖区,countytr
150802000000,150800000000,临河区,countytr
150821000000,150800000000,五原县,countytr
150822000000,150800000000,磴口县,countytr
150823000000,150800000000,乌拉特前旗,countytr
150824000000,150800000000,乌拉特中旗,countytr
150825000000,150800000000,乌拉特后旗,countytr
150826000000,150800000000,杭锦后旗,countytr
150901000000,150900000000,市辖区,countytr
150902000000,150900000000,集宁区,countytr
150921000000,150900000000,卓资县,countytr
150922000000,150900000000,化德县,countytr
150923000000,150900000000,商都县,countytr
150924000000,150900000000,兴和县,countytr
150925000000,150900000000,凉城县,countytr
150926000000,150900000000,察哈尔右翼前旗,countytr
150927000000,150900000000,察哈尔右翼中旗,countytr
150928000000,150900000000,察哈尔右翼后旗,countytr
150929000000,150900000000,四子王旗,countytr
150981000000,150900000000,丰镇市,countytr
152201000000,152200000000,乌兰浩特市,countytr
152202000000,152200000000,阿尔山市,countytr
152221000000,152200000000,科尔沁右翼前旗,countytr
152222000000,152200000000,科尔沁右翼中旗,countytr
152223000000,152200000000,扎赉特旗,countytr
152224000000,152200000000,突泉县,countytr
152501000000,152500000000,二连浩特市,countytr
152502000000,152500000000,锡林浩特市,countytr
152522000000,152500000000,阿巴嘎旗,countytr
152523000000,152500000000,苏尼特左旗,countytr
152524000000,152500000000,苏尼特右旗,countytr
152525000000,152500000000,东乌珠穆沁旗,countytr
152526000000,152500000000,西乌珠穆沁旗,countytr
152527000000,152500000000,太仆寺旗,countytr
152528000000,152500000000,镶黄旗,countytr
152529000000,152500000000,正镶白旗,countytr
152530000000,152500000000,正蓝旗,countytr
152531000000,152500000000,多伦县,countytr
152571000000,152500000000,乌拉盖管委会,countytr
152921000000,152900000000,阿拉善左旗,countytr
152922000000,152900000000,阿拉善右旗,countytr
152923000000,152900000000,额济纳旗,countytr
152971000000,152900000000,内蒙古阿拉善经济开发区,countytr
210101000000,210100000000,市辖区,countytr
210102000000,210100000000,和平区,countytr
210103000000,210100000000,沈河区,countytr
210104000000,210100000000,大东区,countytr
210105000000,210100000000,皇姑区,countytr
210106000000,210100000000,铁西区,countytr
210111000000,210100000000,苏家屯区,countytr
210112000000,210100000000,浑南区,countytr
210113000000,210100000000,沈北新区,countytr
210114000000,210100000000,于洪区,countytr
210115000000,210100000000,辽中区,countytr
210123000000,210100000000,康平县,countytr
210124000000,210100000000,法库县,countytr
210181000000,210100000000,新民市,countytr
210201000000,210200000000,市辖区,countytr
210202000000,210200000000,中山区,countytr
210203000000,210200000000,西岗区,countytr
210204000000,210200000000,沙河口区,countytr
210211000000,210200000000,甘井子区,countytr
210212000000,210200000000,旅顺口区,countytr
210213000000,210200000000,金州区,countytr
210214000000,210200000000,普兰店区,countytr
210224000000,210200000000,长海县,countytr
210281000000,210200000000,瓦房店市,countytr
210283000000,210200000000,庄河市,countytr
210301000000,210300000000,市辖区,countytr
210302000000,210300000000,铁东区,countytr
210303000000,210300000000,铁西区,countytr
210304000000,210300000000,立山区,countytr
210311000000,210300000000,千山区,countytr
210321000000,210300000000,台安县,countytr
210323000000,210300000000,岫岩满族自治县,countytr
210381000000,210300000000,海城市,countytr
210401000000,210400000000,市辖区,countytr
210402000000,210400000000,新抚区,countytr
210403000000,210400000000,东洲区,countytr
210404000000,210400000000,望花区,countytr
210411000000,210400000000,顺城区,countytr
210421000000,210400000000,抚顺县,countytr
210422000000,210400000000,新宾满族自治县,countytr
210423000000,210400000000,清原满族自治县,countytr
210501000000,210500000000,市辖区,countytr
210502000000,210500000000,平山区,countytr
210503000000,210500000000,溪湖区,countytr
210504000000,210500000000,明山区,countytr
210505000000,210500000000,南芬区,countytr
210521000000,210500000000,本溪满族自治县,countytr
210522000000,210500000000,桓仁满族自治县,countytr
210601000000,210600000000,市辖区,countytr
210602000000,210600000000,元宝区,countytr
210603000000,210600000000,振兴区,countytr
210604000000,210600000000,振安区,countytr
210624000000,210600000000,宽甸满族自治县,countytr
210681000000,210600000000,东港市,countytr
210682000000,210600000000,凤城市,countytr
210701000000,210700000000,市辖区,countytr
210702000000,210700000000,古塔区,countytr
210703000000,210700000000,凌河区,countytr
210711000000,210700000000,太和区,countytr
210726000000,210700000000,黑山县,countytr
210727000000,210700000000,义县,countytr
210781000000,210700000000,凌海市,countytr
210782000000,210700000000,北镇市,countytr
210801000000,210800000000,市辖区,countytr
210802000000,210800000000,站前区,countytr
210803000000,210800000000,西市区,countytr
210804000000,210800000000,鲅鱼圈区,countytr
210811000000,210800000000,老边区,countytr
210881000000,210800000000,盖州市,countytr
210882000000,210800000000,大石桥市,countytr
210901000000,210900000000,市辖区,countytr
210902000000,210900000000,海州区,countytr
210903000000,210900000000,新邱区,countytr
210904000000,210900000000,太平区,countytr
210905000000,210900000000,清河门区,countytr
210911000000,210900000000,细河区,countytr
210921000000,210900000000,阜新蒙古族自治县,countytr
210922000000,210900000000,彰武县,countytr
211001000000,211000000000,市辖区,countytr
211002000000,211000000000,白塔区,countytr
211003000000,211000000000,文圣区,countytr
211004000000,211000000000,宏伟区,countytr
211005000000,211000000000,弓长岭区,countytr
211011000000,211000000000,太子河区,countytr
211021000000,211000000000,辽阳县,countytr
211081000000,211000000000,灯塔市,countytr
211101000000,211100000000,市辖区,countytr
211102000000,211100000000,双台子区,countytr
211103000000,211100000000,兴隆台区,countytr
211104000000,211100000000,大洼区,countytr
211122000000,211100000000,盘山县,countytr
211201000000,211200000000,市辖区,countytr
211202000000,211200000000,银州区,countytr
211204000000,211200000000,清河区,countytr
211221000000,211200000000,铁岭县,countytr
211223000000,211200000000,西丰县,countytr
211224000000,211200000000,昌图县,countytr
211281000000,211200000000,调兵山市,countytr
211282000000,211200000000,开原市,countytr
211301000000,211300000000,市辖区,countytr
211302000000,211300000000,双塔区,countytr
211303000000,211300000000,龙城区,countytr
211321000000,211300000000,朝阳县,countytr
211322000000,211300000000,建平县,countytr
211324000000,211300000000,喀喇沁左翼蒙古族自治县,countytr
211381000000,211300000000,北票市,countytr
211382000000,211300000000,凌源市,countytr
211401000000,211400000000,市辖区,countytr
211402000000,211400000000,连山区,countytr
211403000000,211400000000,龙港区,countytr
211404000000,211400000000,南票区,countytr
211421000000,211400000000,绥中县,countytr
211422000000,211400000000,建昌县,countytr
211481000000,211400000000,兴城市,countytr
220101000000,220100000000,市辖区,countytr
220102000000,220100000000,南关区,countytr
220103000000,220100000000,宽城区,countytr
220104000000,220100000000,朝阳区,countytr
220105000000,220100000000,二道区,countytr
220106000000,220100000000,绿园区,countytr
220112000000,220100000000,双阳区,countytr
220113000000,220100000000,九台区,countytr
220122000000,220100000000,农安县,countytr
220171000000,220100000000,长春经济技术开发区,countytr
220172000000,220100000000,长春净月高新技术产业开发区,countytr
220173000000,220100000000,长春高新技术产业开发区,countytr
220174000000,220100000000,长春汽车经济技术开发区,countytr
220182000000,220100000000,榆树市,countytr
220183000000,220100000000,德惠市,countytr
220301000000,220300000000,市辖区,countytr
220302000000,220300000000,铁西区,countytr
220303000000,220300000000,铁东区,countytr
220322000000,220300000000,梨树县,countytr
220323000000,220300000000,伊通满族自治县,countytr
220381000000,220300000000,公主岭市,countytr
220382000000,220300000000,双辽市,countytr
220401000000,220400000000,市辖区,countytr
220402000000,220400000000,龙山区,countytr
220403000000,220400000000,西安区,countytr
220421000000,220400000000,东丰县,countytr
220422000000,220400000000,东辽县,countytr
220501000000,220500000000,市辖区,countytr
220502000000,220500000000,东昌区,countytr
220503000000,220500000000,二道江区,countytr
220521000000,220500000000,通化县,countytr
220523000000,220500000000,辉南县,countytr
220524000000,220500000000,柳河县,countytr
220581000000,220500000000,梅河口市,countytr
220582000000,220500000000,集安市,countytr
220601000000,220600000000,市辖区,countytr
220602000000,220600000000,浑江区,countytr
220605000000,220600000000,江源区,countytr
220621000000,220600000000,抚松县,countytr
220622000000,220600000000,靖宇县,countytr
220623000000,220600000000,长白朝鲜族自治县,countytr
220681000000,220600000000,临江市,countytr
220701000000,220700000000,市辖区,countytr
220702000000,220700000000,宁江区,countytr
220721000000,220700000000,前郭尔罗斯蒙古族自治县,countytr
220722000000,220700000000,长岭县,countytr
220723000000,220700000000,乾安县,countytr
220771000000,220700000000,吉林松原经济开发区,countytr
220781000000,220700000000,扶余市,countytr
220801000000,220800000000,市辖区,countytr
220802000000,220800000000,洮北区,countytr
220821000000,220800000000,镇赉县,countytr
220822000000,220800000000,通榆县,countytr
220871000000,220800000000,吉林白城经济开发区,countytr
220881000000,220800000000,洮南市,countytr
220882000000,220800000000,大安市,countytr
222401000000,222400000000,延吉市,countytr
222402000000,222400000000,图们市,countytr
222403000000,222400000000,敦化市,countytr
222404000000,222400000000,珲春市,countytr
222405000000,222400000000,龙井市,countytr
222406000000,222400000000,和龙市,countytr
222424000000,222400000000,汪清县,countytr
222426000000,222400000000,安图县,countytr
230101000000,230100000000,市辖区,countytr
230102000000,230100000000,道里区,countytr
230103000000,230100000000,南岗区,countytr
230104000000,230100000000,道外区,countytr
230108000000,230100000000,平房区,countytr
230109000000,230100000000,松北区,countytr
230110000000,230100000000,香坊区,countytr
230111000000,230100000000,呼兰区,countytr
230112000000,230100000000,阿城区,countytr
230113000000,230100000000,双城区,countytr
230123000000,230100000000,依兰县,countytr
230124000000,230100000000,方正县,countytr
230125000000,230100000000,宾县,countytr
230126000000,230100000000,巴彦县,countytr
230127000000,230100000000,木兰县,countytr
230128000000,230100000000,通河县,countytr
230129000000,230100000000,延寿县,countytr
230183000000,230100000000,尚志市,countytr
230184000000,230100000000,五常市,countytr
230201000000,230200000000,市辖区,countytr
230202000000,230200000000,龙沙区,countytr
230203000000,230200000000,建华区,countytr
230204000000,230200000000,铁锋区,countytr
230205000000,230200000000,昂昂溪区,countytr
230206000000,230200000000,富拉尔基区,countytr
230207000000,230200000000,碾子山区,countytr
230208000000,230200000000,梅里斯达斡尔族区,countytr
230221000000,230200000000,龙江县,countytr
230223000000,230200000000,依安县,countytr
230224000000,230200000000,泰来县,countytr
230225000000,230200000000,甘南县,countytr
230227000000,230200000000,富裕县,countytr
230229000000,230200000000,克山县,countytr
230230000000,230200000000,克东县,countytr
230231000000,230200000000,拜泉县,countytr
230281000000,230200000000,讷河市,countytr
230301000000,230300000000,市辖区,countytr
230302000000,230300000000,鸡冠区,countytr
230303000000,230300000000,恒山区,countytr
230304000000,230300000000,滴道区,countytr
230305000000,230300000000,梨树区,countytr
230306000000,230300000000,城子河区,countytr
230307000000,230300000000,麻山区,countytr
230321000000,230300000000,鸡东县,countytr
230381000000,230300000000,虎林市,countytr
230382000000,230300000000,密山市,countytr
230401000000,230400000000,市辖区,countytr
230402000000,230400000000,向阳区,countytr
230403000000,230400000000,工农区,countytr
230404000000,230400000000,南山区,countytr
230405000000,230400000000,兴安区,countytr
230406000000,230400000000,东山区,countytr
230407000000,230400000000,兴山区,countytr
230421000000,230400000000,萝北县,countytr
230422000000,230400000000,绥滨县,countytr
230501000000,230500000000,市辖区,countytr
230502000000,230500000000,尖山区,countytr
230503000000,230500000000,岭东区,countytr
230505000000,230500000000,四方台区,countytr
230506000000,230500000000,宝山区,countytr
230521000000,230500000000,集贤县,countytr
230522000000,230500000000,友谊县,countytr
230523000000,230500000000,宝清县,countytr
230524000000,230500000000,饶河县,countytr
230601000000,230600000000,市辖区,countytr
230602000000,230600000000,萨尔图区,countytr
230603000000,230600000000,龙凤区,countytr
230604000000,230600000000,让胡路区,countytr
230605000000,230600000000,红岗区,countytr
230606000000,230600000000,大同区,countytr
230621000000,230600000000,肇州县,countytr
230622000000,230600000000,肇源县,countytr
230623000000,230600000000,林甸县,countytr
230624000000,230600000000,杜尔伯特蒙古族自治县,countytr
230671000000,230600000000,大庆高新技术产业开发区,countytr
230701000000,230700000000,市辖区,countytr
230717000000,230700000000,伊美区,countytr
230718000000,230700000000,乌翠区,countytr
230719000000,230700000000,友好区,countytr
230722000000,230700000000,嘉荫县,countytr
230723000000,230700000000,汤旺县,countytr
230724000000,230700000000,丰林县,countytr
230725000000,230700000000,大箐山县,countytr
230726000000,230700000000,南岔县,countytr
230751000000,230700000000,金林区,countytr
230781000000,230700000000,铁力市,countytr
230801000000,230800000000,市辖区,countytr
230803000000,230800000000,向阳区,countytr
230804000000,230800000000,前进区,countytr
230805000000,230800000000,东风区,countytr
230811000000,230800000000,郊区,countytr
230822000000,230800000000,桦南县,countytr
230826000000,230800000000,桦川县,countytr
230828000000,230800000000,汤原县,countytr
230881000000,230800000000,同江市,countytr
230882000000,230800000000,富锦市,countytr
230883000000,230800000000,抚远市,countytr
230901000000,230900000000,市辖区,countytr
230902000000,230900000000,新兴区,countytr
230903000000,230900000000,桃山区,countytr
230904000000,230900000000,茄子河区,countytr
230921000000,230900000000,勃利县,countytr
231001000000,231000000000,市辖区,countytr
231002000000,231000000000,东安区,countytr
231003000000,231000000000,阳明区,countytr
231004000000,231000000000,爱民区,countytr
231005000000,231000000000,西安区,countytr
231025000000,231000000000,林口县,countytr
231071000000,231000000000,牡丹江经济技术开发区,countytr
231081000000,231000000000,绥芬河市,countytr
231083000000,231000000000,海林市,countytr
231084000000,231000000000,宁安市,countytr
231085000000,231000000000,穆棱市,countytr
231086000000,231000000000,东宁市,countytr
231101000000,231100000000,市辖区,countytr
231102000000,231100000000,爱辉区,countytr
231123000000,231100000000,逊克县,countytr
231124000000,231100000000,孙吴县,countytr
231181000000,231100000000,北安市,countytr
231182000000,231100000000,五大连池市,countytr
231183000000,231100000000,嫩江市,countytr
231201000000,231200000000,市辖区,countytr
231202000000,231200000000,北林区,countytr
231221000000,231200000000,望奎县,countytr
231222000000,231200000000,兰西县,countytr
231223000000,231200000000,青冈县,countytr
231224000000,231200000000,庆安县,countytr
231225000000,231200000000,明水县,countytr
231226000000,231200000000,绥棱县,countytr
231281000000,231200000000,安达市,countytr
231282000000,231200000000,肇东市,countytr
231283000000,231200000000,海伦市,countytr
232701000000,232700000000,漠河市,countytr
232721000000,232700000000,呼玛县,countytr
232722000000,232700000000,塔河县,countytr
232761000000,232700000000,加格达奇区,countytr
232762000000,232700000000,松岭区,countytr
232763000000,232700000000,新林区,countytr
232764000000,232700000000,呼中区,countytr
310101000000,310100000000,黄浦区,countytr
310104000000,310100000000,徐汇区,countytr
310105000000,310100000000,长宁区,countytr
310106000000,310100000000,静安区,countytr
310107000000,310100000000,普陀区,countytr
310109000000,310100000000,虹口区,countytr
310110000000,310100000000,杨浦区,countytr
310112000000,310100000000,闵行区,countytr
310113000000,310100000000,宝山区,countytr
310114000000,310100000000,嘉定区,countytr
310115000000,310100000000,浦东新区,countytr
310116000000,310100000000,金山区,countytr
310117000000,310100000000,松江区,countytr
310118000000,310100000000,青浦区,countytr
310120000000,310100000000,奉贤区,countytr
310151000000,310100000000,崇明区,countytr
320101000000,320100000000,市辖区,countytr
320102000000,320100000000,玄武区,countytr
320104000000,320100000000,秦淮区,countytr
320105000000,320100000000,建邺区,countytr
320106000000,320100000000,鼓楼区,countytr
320111000000,320100000000,浦口区,countytr
320113000000,320100000000,栖霞区,countytr
320114000000,320100000000,雨花台区,countytr
320115000000,320100000000,江宁区,countytr
320116000000,320100000000,六合区,countytr
320117000000,320100000000,溧水区,countytr
320118000000,320100000000,高淳区,countytr
320201000000,320200000000,市辖区,countytr
320205000000,320200000000,锡山区,countytr
320206000000,320200000000,惠山区,countytr
320211000000,320200000000,滨湖区,countytr
320213000000,320200000000,梁溪区,countytr
320214000000,320200000000,新吴区,countytr
320281000000,320200000000,江阴市,countytr
320282000000,320200000000,宜兴市,countytr
320301000000,320300000000,市辖区,countytr
320302000000,320300000000,鼓楼区,countytr
320303000000,320300000000,云龙区,countytr
320305000000,320300000000,贾汪区,countytr
320311000000,320300000000,泉山区,countytr
320312000000,320300000000,铜山区,countytr
320321000000,320300000000,丰县,countytr
320322000000,320300000000,沛县,countytr
320324000000,320300000000,睢宁县,countytr
320371000000,320300000000,徐州经济技术开发区,countytr
320381000000,320300000000,新沂市,countytr
320382000000,320300000000,邳州市,countytr
320401000000,320400000000,市辖区,countytr
320402000000,320400000000,天宁区,countytr
320404000000,320400000000,钟楼区,countytr
320411000000,320400000000,新北区,countytr
320412000000,320400000000,武进区,countytr
320413000000,320400000000,金坛区,countytr
320481000000,320400000000,溧阳市,countytr
320501000000,320500000000,市辖区,countytr
320505000000,320500000000,虎丘区,countytr
320506000000,320500000000,吴中区,countytr
320507000000,320500000000,相城区,countytr
320508000000,320500000000,姑苏区,countytr
320509000000,320500000000,吴江区,countytr
320571000000,320500000000,苏州工业园区,countytr
320581000000,320500000000,常熟市,countytr
320582000000,320500000000,张家港市,countytr
320583000000,320500000000,昆山市,countytr
320585000000,320500000000,太仓市,countytr
320601000000,320600000000,市辖区,countytr
320602000000,320600000000,崇川区,countytr
320611000000,320600000000,港闸区,countytr
320612000000,320600000000,通州区,countytr
320623000000,320600000000,如东县,countytr
320671000000,320600000000,南通经济技术开发区,countytr
320681000000,320600000000,启东市,countytr
320682000000,320600000000,如皋市,countytr
320684000000,320600000000,海门市,countytr
320685000000,320600000000,海安市,countytr
320701000000,320700000000,市辖区,countytr
320703000000,320700000000,连云区,countytr
320706000000,320700000000,海州区,countytr
320707000000,320700000000,赣榆区,countytr
320722000000,320700000000,东海县,countytr
320723000000,320700000000,灌云县,countytr
320724000000,320700000000,灌南县,countytr
320771000000,320700000000,连云港经济技术开发区,countytr
320772000000,320700000000,连云港高新技术产业开发区,countytr
320801000000,320800000000,市辖区,countytr
320803000000,320800000000,淮安区,countytr
320804000000,320800000000,淮阴区,countytr
320812000000,320800000000,清江浦区,countytr
320813000000,320800000000,洪泽区,countytr
320826000000,320800000000,涟水县,countytr
320830000000,320800000000,盱眙县,countytr
320831000000,320800000000,金湖县,countytr
320871000000,320800000000,淮安经济技术开发区,countytr
320901000000,320900000000,市辖区,countytr
320902000000,320900000000,亭湖区,countytr
320903000000,320900000000,盐都区,countytr
320904000000,320900000000,大丰区,countytr
320921000000,320900000000,响水县,countytr
320922000000,320900000000,滨海县,countytr
320923000000,320900000000,阜宁县,countytr
320924000000,320900000000,射阳县,countytr
320925000000,320900000000,建湖县,countytr
320971000000,320900000000,盐城经济技术开发区,countytr
320981000000,320900000000,东台市,countytr
321001000000,321000000000,市辖区,countytr
321002000000,321000000000,广陵区,countytr
321003000000,321000000000,邗江区,countytr
321012000000,321000000000,江都区,countytr
321023000000,321000000000,宝应县,countytr
321071000000,321000000000,扬州经济技术开发区,countytr
321081000000,321000000000,仪征市,countytr
321084000000,321000000000,高邮市,countytr
321101000000,321100000000,市辖区,countytr
321102000000,321100000000,京口区,countytr
321111000000,321100000000,润州区,countytr
321112000000,321100000000,丹徒区,countytr
321171000000,321100000000,镇江新区,countytr
321181000000,321100000000,丹阳市,countytr
321182000000,321100000000,扬中市,countytr
321183000000,321100000000,句容市,countytr
321301000000,321300000000,市辖区,countytr
321302000000,321300000000,宿城区,countytr
321311000000,321300000000,宿豫区,countytr
321322000000,321300000000,沭阳县,countytr
321323000000,321300000000,泗阳县,countytr
321324000000,321300000000,泗洪县,countytr
321371000000,321300000000,宿迁经济技术开发区,countytr
330101000000,330100000000,市辖区,countytr
330102000000,330100000000,上城区,countytr
330103000000,330100000000,下城区,countytr
330104000000,330100000000,江干区,countytr
330105000000,330100000000,拱墅区,countytr
330106000000,330100000000,西湖区,countytr
330108000000,330100000000,滨江区,countytr
330109000000,330100000000,萧山区,countytr
330110000000,330100000000,余杭区,countytr
330111000000,330100000000,富阳区,countytr
330112000000,330100000000,临安区,countytr
330122000000,330100000000,桐庐县,countytr
330127000000,330100000000,淳安县,countytr
330182000000,330100000000,建德市,countytr
330201000000,330200000000,市辖区,countytr
330203000000,330200000000,海曙区,countytr
330205000000,330200000000,江北区,countytr
330206000000,330200000000,北仑区,countytr
330211000000,330200000000,镇海区,countytr
330212000000,330200000000,鄞州区,countytr
330213000000,330200000000,奉化区,countytr
330225000000,330200000000,象山县,countytr
330226000000,330200000000,宁海县,countytr
330281000000,330200000000,余姚市,countytr
330282000000,330200000000,慈溪市,countytr
330301000000,330300000000,市辖区,countytr
330302000000,330300000000,鹿城区,countytr
330303000000,330300000000,龙湾区,countytr
330304000000,330300000000,瓯海区,countytr
330305000000,330300000000,洞头区,countytr
330324000000,330300000000,永嘉县,countytr
330326000000,330300000000,平阳县,countytr
330327000000,330300000000,苍南县,countytr
330328000000,330300000000,文成县,countytr
330329000000,330300000000,泰顺县,countytr
330371000000,330300000000,温州经济技术开发区,countytr
330381000000,330300000000,瑞安市,countytr
330382000000,330300000000,乐清市,countytr
330383000000,330300000000,龙港市,countytr
330401000000,330400000000,市辖区,countytr
330402000000,330400000000,南湖区,countytr
330411000000,330400000000,秀洲区,countytr
330421000000,330400000000,嘉善县,countytr
330424000000,330400000000,海盐县,countytr
330481000000,330400000000,海宁市,countytr
330482000000,330400000000,平湖市,countytr
330483000000,330400000000,桐乡市,countytr
330501000000,330500000000,市辖区,countytr
330502000000,330500000000,吴兴区,countytr
330503000000,330500000000,南浔区,countytr
330521000000,330500000000,德清县,countytr
330522000000,330500000000,长兴县,countytr
330523000000,330500000000,安吉县,countytr
330601000000,330600000000,市辖区,countytr
330602000000,330600000000,越城区,countytr
330603000000,330600000000,柯桥区,countytr
330604000000,330600000000,上虞区,countytr
330624000000,330600000000,新昌县,countytr
330681000000,330600000000,诸暨市,countytr
330683000000,330600000000,嵊州市,countytr
330801000000,330800000000,市辖区,countytr
330802000000,330800000000,柯城区,countytr
330803000000,330800000000,衢江区,countytr
330822000000,330800000000,常山县,countytr
330824000000,330800000000,开化县,countytr
330825000000,330800000000,龙游县,countytr
330881000000,330800000000,江山市,countytr
330901000000,330900000000,市辖区,countytr
330902000000,330900000000,定海区,countytr
330903000000,330900000000,普陀区,countytr
330921000000,330900000000,岱山县,countytr
330922000000,330900000000,嵊泗县,countytr
331001000000,331000000000,市辖区,countytr
331002000000,331000000000,椒江区,countytr
331003000000,331000000000,黄岩区,countytr
331004000000,331000000000,路桥区,countytr
331022000000,331000000000,三门县,countytr
331023000000,331000000000,天台县,countytr
331024000000,331000000000,仙居县,countytr
331081000000,331000000000,温岭市,countytr
331082000000,331000000000,临海市,countytr
331083000000,331000000000,玉环市,countytr
331101000000,331100000000,市辖区,countytr
331102000000,331100000000,莲都区,countytr
331121000000,331100000000,青田县,countytr
331122000000,331100000000,缙云县,countytr
331123000000,331100000000,遂昌县,countytr
331124000000,331100000000,松阳县,countytr
331125000000,331100000000,云和县,countytr
331126000000,331100000000,庆元县,countytr
331127000000,331100000000,景宁畲族自治县,countytr
331181000000,331100000000,龙泉市,countytr
340101000000,340100000000,市辖区,countytr
340102000000,340100000000,瑶海区,countytr
340103000000,340100000000,庐阳区,countytr
340104000000,340100000000,蜀山区,countytr
340111000000,340100000000,包河区,countytr
340121000000,340100000000,长丰县,countytr
340122000000,340100000000,肥东县,countytr
340123000000,340100000000,肥西县,countytr
340124000000,340100000000,庐江县,countytr
340171000000,340100000000,合肥高新技术产业开发区,countytr
340172000000,340100000000,合肥经济技术开发区,countytr
340173000000,340100000000,合肥新站高新技术产业开发区,countytr
340181000000,340100000000,巢湖市,countytr
340201000000,340200000000,市辖区,countytr
340202000000,340200000000,镜湖区,countytr
340203000000,340200000000,弋江区,countytr
340207000000,340200000000,鸠江区,countytr
340208000000,340200000000,三山区,countytr
340221000000,340200000000,芜湖县,countytr
340222000000,340200000000,繁昌县,countytr
340223000000,340200000000,南陵县,countytr
340225000000,340200000000,无为县,countytr
340271000000,340200000000,芜湖经济技术开发区,countytr
340272000000,340200000000,安徽芜湖长江大桥经济开发区,countytr
340301000000,340300000000,市辖区,countytr
340302000000,340300000000,龙子湖区,countytr
340303000000,340300000000,蚌山区,countytr
340304000000,340300000000,禹会区,countytr
340311000000,340300000000,淮上区,countytr
340321000000,340300000000,怀远县,countytr
340322000000,340300000000,五河县,countytr
340323000000,340300000000,固镇县,countytr
340371000000,340300000000,蚌埠市高新技术开发区,countytr
340372000000,340300000000,蚌埠市经济开发区,countytr
340401000000,340400000000,市辖区,countytr
340402000000,340400000000,大通区,countytr
340403000000,340400000000,田家庵区,countytr
340404000000,340400000000,谢家集区,countytr
340405000000,340400000000,八公山区,countytr
340406000000,340400000000,潘集区,countytr
340421000000,340400000000,凤台县,countytr
340422000000,340400000000,寿县,countytr
340501000000,340500000000,市辖区,countytr
340503000000,340500000000,花山区,countytr
340504000000,340500000000,雨山区,countytr
340506000000,340500000000,博望区,countytr
340521000000,340500000000,当涂县,countytr
340522000000,340500000000,含山县,countytr
340523000000,340500000000,和县,countytr
340601000000,340600000000,市辖区,countytr
340602000000,340600000000,杜集区,countytr
340603000000,340600000000,相山区,countytr
340604000000,340600000000,烈山区,countytr
340621000000,340600000000,濉溪县,countytr
